Video Name,Unique Objects Count
7BgcG_l9J0A.mp4,35
atz-Zl5ou9o.mp4,51
9UBWFIArQxs.mp4,79
XZmMvVCcW0M.mp4,51
X5-nAFdvg7c.mp4,60
gckObDeYpAA.mp4,68
rF6Jjm5547k.mp4,58
8C4DNSV3IRE.mp4,39
cXw4sQJINgo.mp4,115
f1cPVuT8q_w.mp4,94
f8LE9gxtxTY.mp4,124
KUmMQ5q58Io.mp4,43
lTL3OZkVMHQ.mp4,34
8gatiYW5kWs.mp4,55
tHoYKy1GMgM.mp4,73
jSO-Whn2sCQ.mp4,47
vQ88JB-lgtQ.mp4,0
nUC1QA5gRcU.mp4,64
i4_Lat2hl3Q.mp4,42
62EB4JniuTc.mp4,42
-bueUljGJ2M.mp4,100
wlPM7E8uLJ8.mp4,41
eB1m-WogYeg.mp4,33
BBIX9FG6kZ0.mp4,78
_wkvH0qBMP8.mp4,9
8Bsgj1ihEOg.mp4,96
GtyxWvifru8.mp4,76
LOhNE2zCvEs.mp4,34
SJa1oSgs8Gw.mp4,60
wdok0rZdmx4.mp4,38
sOH23Pup6AQ.mp4,109
xxNxqveseyI.mp4,74
U7h6Vls-uO8.mp4,72
zo8PQgark7c.mp4,92
5L6juLUkwuw.mp4,77
Nan333CuBm4.mp4,38
p8ZYgb8Osek.mp4,73
aYvDdZZ_FQU.mp4,127
de5m3NWhi-Y.mp4,37
6uLgF2K2n5M.mp4,28
c04_GeQZFFw.mp4,70
wYPTZIFQoDQ.mp4,23
UihVmkDISsg.mp4,52
sfB-glrgn5o.mp4,83
IAIo-pUDl0s.mp4,66
fQ7Az_7pzDM.mp4,28
jzE68RiXbT8.mp4,83
aUnKqXTSJWU.mp4,106
h5D5BQM6D-M.mp4,72
qXBsJW4LOCQ.mp4,53
UEx75kcWgxc.mp4,46
CMaispXEh94.mp4,65
yfLz54hzpPs.mp4,45
-gAZRN3SCBw.mp4,85
B4QI0VzbkHk.mp4,12
YPV7X8_zKfc.mp4,101
F1dvX9Vs0ns.mp4,44
94BqlDQ-Ppo.mp4,127
C3zN6lT_fPI.mp4,100
NSmkA7hcNjs.mp4,50
AJNUI0WqEdE.mp4,40
oGnyO_lEW2E.mp4,147
f5x1RyJOwP8.mp4,72
mrHEtU98yVY.mp4,48
m4sVnOsXlAA.mp4,60
1xA7ENrLtUw.mp4,68
8btMI_N8v8U.mp4,36
dgu5ppBIr9A.mp4,97
-x__vh1H0dQ.mp4,43
5YsxXj5kycs.mp4,24
KM3Yx-5Ymiw.mp4,25
-kI-vfyl2mo.mp4,61
aaC457-XO9M.mp4,48
5UiFkOJoP-8.mp4,114
gKCScoG83SA.mp4,95
r7jpCZ1ju9I.mp4,66
pPZDV1eCI0c.mp4,42
7glIC7OaIro.mp4,69
4mPKDEfo0UM.mp4,68
azCNwGnxq0s.mp4,132
h4my8CdjU8w.mp4,142
cjiPkaGdbAQ.mp4,59
_nwSmOEiDls.mp4,17
KfcHMpNYnpw.mp4,91
5Od0aOse1wc.mp4,102
vDHNMqOLw_o.mp4,42
7ZUT9ftBWI8.mp4,96
6zolFHbtEew.mp4,90
BEkziTXz9Js.mp4,81
9cEiYQwYLPk.mp4,76
PwExDWArh2Y.mp4,34
Vs0YHD0JoCk.mp4,120
B5lslSPfhkg.mp4,42
fwnbHVYgprA.mp4,57
ZSSpnEd2pTE.mp4,64
JRadjMeUKko.mp4,53
1MXYI3ZKLqQ.mp4,55
8oBHRjnQCFE.mp4,45
Ve2miT5iF2M.mp4,55
M0zdJOM_5Vg.mp4,40
R2Wkk-TDnRQ.mp4,54
bXrhgATNVbE.mp4,42
kwUJq0DA0xo.mp4,68
qoER8XCOPaM.mp4,99
mTnavAlWnJg.mp4,53
NBuB85VsZfI.mp4,57
D1dnw4t23P8.mp4,47
YVeCwSWNLrM.mp4,45
Ej7fYDHlCbA.mp4,72
rjZ_O-c3QRw.mp4,79
Cdpf1Dl5b_4.mp4,120
73p4lL1iq7w.mp4,50
SaCVSUbYpVc.mp4,45
fdN0GWOtsHQ.mp4,104
YpKYj8edUOg.mp4,126
Y7mLeyIETu0.mp4,132
1Lr4MRaOxhk.mp4,72
mi5RoP1-8-I.mp4,63
H3EsFtUCOno.mp4,76
cXT8JgdvCHc.mp4,80
JjLr4bdLPIs.mp4,62
AV8NXzi5Lj0.mp4,116
kjVf8ptmDmk.mp4,58
lWVFBkx8_4E.mp4,69
ev82iHoLk8s.mp4,39
YchR7cbFuAU.mp4,98
Neul4wINfUQ.mp4,70
vAf5TjiUJgo.mp4,69
DTLM5o-9hYg.mp4,25
qQJyZseER6I.mp4,72
QhqGCPMfkNM.mp4,9
pAdDi6G74mc.mp4,89
